Keyword,Source,Seed
pokepay 费率,Google,PokePay
pokepay支付宝,Google,PokePay
pokepay提现,Bing,PokePay
pokepay提现,Google,PokePay
pokepay消费,Google,PokePay
pokepay注册,Google,PokePay
pokepay,Bing,PokePay
pokepay,Google,PokePay
pokepay 费用,Bing,PokePay
pokepay费率,Bing,PokePay
pokepay服务器内部错误,Bing,PokePay
pokepay跑路,Bing,PokePay
pokepay跑路,Google,PokePay
pokepay怎么充值,Bing,PokePay
pokepay怎么充值,Google,PokePay
pokepay官网,Bing,PokePay
pokepay官网,Google,PokePay
pokepay靠谱吗,Bing,PokePay
pokepay靠谱吗,Google,PokePay
pokepay app,Bing,PokePay
pokepay app,Google,PokePay
pokepay虚拟卡,Bing,PokePay
pokepay虚拟卡,Google,PokePay
pokepay充值,Bing,PokePay
pokepay优惠码,Bing,PokePay
pokepay优惠码,Google,PokePay
pokepay 绑 定 支付宝,Google,PokePay
pokepay绑定支付宝,Bing,PokePay
pokepay吧,Bing,PokePay
pokepay绑定微信,Bing,PokePay
pokepay card,Bing,PokePay
pokepay card,Google,PokePay
pokepay chatgpt,Bing,PokePay
pokepay chatgpt,Google,PokePay
pokepay 充值,Google,PokePay
pokepay充值教程,Bing,PokePay
pokepay充值教程,Google,PokePay
pokepay cc,Bing,PokePay
pokepay cc,Google,PokePay
pokepay coupon code,Bing,PokePay
pokepay coupon code,Google,PokePay
pokepay充值chatgpt,Bing,PokePay
pokepay参数异常,Bing,PokePay
pokepay邀请码,Bing,PokePay
pokepay邀请码,Google,PokePay
pokepay是什么,Bing,PokePay
pokepay是什么,Google,PokePay
pokepay怎么样,Bing,PokePay
pokepay怎么样,Google,PokePay
pokepay教程,Bing,PokePay
pokepay教程,Google,PokePay
pokepay卡,Google,PokePay
pokepay下载,Bing,PokePay
pokepay注册流程指南,Bing,PokePay
pokepay 安全 吗,Google,PokePay
pokepay apple pay,Bing,PokePay
pokepay apple pay,Google,PokePay
pokepay apk,Bing,PokePay
pokepay apk,Google,PokePay
pokepay app 下载,Google,PokePay
pokepay app下载,Bing,PokePay
pokepay安全吗,Bing,PokePay
pokepay app store,Bing,PokePay
pokepay app store,Google,PokePay
pokepay安全码,Bing,PokePay
pokepay 登录,Google,PokePay
pokepay 订阅gpt 银行卡拒绝,Bing,PokePay
pokepay的账单地址是啥,Bing,PokePay
pokepay冻卡,Bing,PokePay
pokepay地址,Bing,PokePay
pokepay登录,Bing,PokePay
pokepay大陆可以用吗,Bing,PokePay
pokepay gemini,Bing,PokePay
pokepay gemini,Google,PokePay
pokepay 充值 gpt,Google,PokePay
pokepay订阅gpt,Google,PokePay
pokepay官方网站,Bing,PokePay
pokepay公司,Bing,PokePay
pokepay如何充值,Bing,PokePay
pokepay如何充值,Google,PokePay
pokepay订阅gpt银行卡拒绝,Bing,PokePay
pokepay怎么充值gpt,Bing,PokePay
pokepay开卡,Bing,PokePay
pokepay开卡,Google,PokePay
pokepay ios,Bing,PokePay
pokepay ios,Google,PokePay
pokepay login,Bing,PokePay
pokepay login,Google,PokePay
paypal 内推,Google,PokePay
paypal 您的卡已被拒绝。请尝试使用其他付款方式。,Google,PokePay
paypal 你目前无法付款,Google,PokePay
paypal 您已被阻止,Google,PokePay
paypal 您的账户有问题。请前往调解中心 让我们帮助您快速解决该问题。,Google,PokePay
pokepay内测码,Bing,PokePay
pokepay您的银行卡被拒绝了,Bing,PokePay
pokepay能充值cursor吗,Bing,PokePay
pokepay您的银行卡被拒绝了。,Bing,PokePay
pokepay好用吗,Bing,PokePay
pokepay好用吗,Google,PokePay
pokepay 弘前大学生協,Bing,PokePay
pokepay汇率,Bing,PokePay
pokepay激活,Google,PokePay
pokepay交易密码,Bing,PokePay
pokepay 激活,Bing,PokePay
pokepay免费开卡,Bing,PokePay
pokepay免费开卡,Google,PokePay
pokepay无法注册,Bing,PokePay
pokepay万事达u卡怎么办理,Bing,PokePay
pokepay免费实体卡,Bing,PokePay
pokepay kyc 认证,Google,PokePay
pokepay客服,Bing,PokePay
pokepay客服,Google,PokePay
pokepay开卡优惠券,Bing,PokePay
pokepay开卡优惠券,Google,PokePay
pokepay 需要 kyc 吗,Google,PokePay
pokepay 免 kyc,Google,PokePay
pokepay kyc认证,Bing,PokePay
pokepay开卡教程,Bing,PokePay
pokepay开卡费,Bing,PokePay
pokepay可靠吗,Bing,PokePay
pokepay可以充值chatgpt吗,Bing,PokePay
pokepay可以绑定微信吗,Bing,PokePay
pokepay卡有效期没显示年份,Bing,PokePay
pokepay 认证,Google,PokePay
pokepay 认证失败,Bing,PokePay
pokepay认证,Bing,PokePay
pokepay如何汇入,Bing,PokePay
pokepay人脸识别,Bing,PokePay
pokepay入金wise,Bing,PokePay
pokepay 跑 路 了,Google,PokePay
pokepay跑路了吗,Bing,PokePay
pokepay骗局,Bing,PokePay
pokepay平台,Bing,PokePay
pokepay wise,Bing,PokePay
pokepay wise,Google,PokePay
pokepay 激活 wise,Google,PokePay
pokepay 入金 wise,Google,PokePay
pokepay和wise,Google,PokePay
poke碗,Google,PokePay
pokepay 微信,Bing,PokePay
pokepay未成年,Bing,PokePay
pokepay微信充值,Bing,PokePay
pokepay取现,Bing,PokePay
pokepay取现,Google,PokePay
pokepay 台湾,Google,PokePay
pokepay体现,Bing,PokePay
pokepay 是 哪个 国家 的,Bing,PokePay
pokepay 是 哪个 国家 的,Google,PokePay
pokepay实体卡,Bing,PokePay
pokepay实体卡,Google,PokePay
pokepay手续费,Bing,PokePay
pokepay手续费,Google,PokePay
pokepay身份认证,Bing,PokePay
pokepay身份认证,Google,PokePay
pokepay使用教程,Bing,PokePay
pokepay 生協,Bing,PokePay
pokepay是什么银行,Bing,PokePay
pokepay收不到验证码,Bing,PokePay
pokepay实名,Bing,PokePay
pokepay 使い方,Bing,PokePay
pokepay u卡,Google,PokePay
pokepay 下载,Google,PokePay
pokepay虚拟卡官网,Bing,PokePay
pokepay虚拟卡官网,Google,PokePay
pokepay虚拟信用卡,Bing,PokePay
pokepay新卡,Bing,PokePay
pokepay需要实名吗,Bing,PokePay
pokepay虚拟卡优惠券,Bing,PokePay
pokepay星际卡,Bing,PokePay
pokepay虚拟卡账单地址,Bing,PokePay
pokepay 支付宝,Bing,PokePay
pokepay 支付宝,Google,PokePay
pokepay 支付宝 充值,Google,PokePay
pokepay账单地址,Google,PokePay
pokepay怎么注册,Google,PokePay
pokepay 账单地址,Bing,PokePay
pokepay 组队,Bing,PokePay
pokepay怎么用,Bing,PokePay
pokepay怎么绑定支付宝,Bing,PokePay
pokepay怎么使用,Bing,PokePay
pokepay注册不了,Bing,PokePay
pokepay支付chatgpt,Bing,PokePay
怎么玩pokemon 卡,Google,PokePay 虚拟卡
paypal 虛擬卡,Google,PokePay 虚拟卡
paypal 虚拟卡,Google,PokePay 虚拟卡
#depay虚拟卡,Google,PokePay 虚拟卡
虚拟卡pokepay,Bing,PokePay 虚拟卡
pokepay 开卡,Google,PokePay 虚拟卡
pokepay 好 用 吗,Google,PokePay 虚拟卡
pokepay 优惠 码 2025,Google,PokePay
pokepay优惠券,Bing,PokePay
pokepay优惠吗,Bing,PokePay
pokepay英文名,Bing,PokePay
pokepay银行卡,Bing,PokePay
hyperpay虚拟卡,Google,PokePay 虚拟卡
nobepay虚拟卡,Google,PokePay 虚拟卡
apple pay充值卡,Google,PokePay 充值
apple 充值卡,Google,PokePay 充值
paygo充值卡,Google,PokePay 充值
paygo充值,Google,PokePay 充值
#充值depay,Google,PokePay 充值
欧易充值pokepay,Bing,PokePay 充值
pokepay最低充值,Bing,PokePay 充值
pokepay 充值 chatgpt,Google,PokePay 充值
pokepay 充值 claude,Google,PokePay 充值
pokemon中文卡,Google,PokePay 充值
如何给paypal充值,Google,PokePay 充值
okpay 支付宝 充值,Google,PokePay 充值
pokefi充值,Google,PokePay 充值
pokemon sleep 充值 交易失败,Bing,PokePay 充值
pokepay 使える店,Google,PokePay 充值
pokepay 充值 教程,Google,PokePay 充值
pokepay 虚拟卡,Google,PokePay 充值
zhenbuka.vip怎么充值,Bing,PokePay 充值
poker现金局,Google,PokePay 加密货币
poke币,Google,PokePay 加密货币
poke幣,Google,PokePay 加密货币
pokefi余额,Google,PokePay 加密货币
okpay钱包是什么,Google,PokePay 加密货币
pokepay免费,Google,PokePay 下载
https://pokerogue.net/下载,Bing,PokePay 下载
poking.com的登录方式,Bing,PokePay 下载
www.poki.com 百度官网,Bing,PokePay 下载
pokerogue.net下载,Bing,PokePay 下载
okpay 下载 网址,Google,PokePay 下载
www.poki.com 邮箱登录,Bing,PokePay 下载
okpay 官网 下载,Google,PokePay 下载
